{"learning_rate": 0.010011213684594133, "num_leaves": 190, "max_depth": 397, "num_iteration": 10408, "min_data_in_leaf": 42, "lambda_l1": 0.07363436050284142, "lambda_l2": 0.0056711853973615365}