{"learning_rate": 0.02005326687145375, "num_leaves": 78, "max_depth": 448, "num_iteration": 10886, "min_data_in_leaf": 45, "lambda_l1": 0.03722539652994145, "lambda_l2": 0.0080668447251771}