{"learning_rate": 0.026286650136492184, "num_leaves": 152, "max_depth": 210, "num_iteration": 6794, "min_data_in_leaf": 46, "lambda_l1": 0.03312160466483938, "lambda_l2": 0.051345513176544}