{"learning_rate": 0.010084411052863198, "num_leaves": 224, "max_depth": 321, "num_iteration": 9443, "min_data_in_leaf": 23, "lambda_l1": 0.024332603860854684, "lambda_l2": 0.029056861447214866}