{"learning_rate": 0.0158766861754237, "num_leaves": 299, "max_depth": 353, "num_iteration": 6111, "min_data_in_leaf": 30, "lambda_l1": 0.004854657182517775, "lambda_l2": 0.04471482688102512}