{"learning_rate": 0.02976971737468393, "num_leaves": 269, "max_depth": 250, "num_iteration": 13143, "min_data_in_leaf": 46, "lambda_l1": 0.08336085689048353, "lambda_l2": 0.036461172447402435}