{"learning_rate": 0.012403089651279278, "num_leaves": 264, "max_depth": 203, "num_iteration": 9316, "min_data_in_leaf": 48, "lambda_l1": 0.0029931749727674702, "lambda_l2": 0.03357630310224103}