{"learning_rate": 0.019481137987679295, "num_leaves": 145, "max_depth": 392, "num_iteration": 13529, "min_data_in_leaf": 45, "lambda_l1": 0.0932722837815089, "lambda_l2": 0.0030531448290949913}