{"learning_rate": 0.019867574498515745, "num_leaves": 288, "max_depth": 381, "num_iteration": 10753, "min_data_in_leaf": 34, "lambda_l1": 0.009674053983618414, "lambda_l2": 0.014860778842340917}